Author,Company,Place,Type,Date
Position Wanted: Need A Break? Short Term Caretaker Available ~ Willing to Relocate USA,Thomas W.,Willing to Relocate USA,Seasonal,"July 30, 2023"
Position Wanted: Full-time Cattle Ranch Hand Position in Texas,Lindsay M.,Texas,Full Time or Seasonal,"July 20, 2023"
Position Wanted: All-Around Lady Looking For Ranch Work ~ Willing to relocate,Victoria B.,Willing to Relocate,Full Time,"July 19, 2023"
"Position Wanted (For Lease & Employment): Stagecoach, Wagon Teamster with Driving & Harnessing Experience",Patricia M.,"Seasonal summer only Colorado, Wyoming, Idaho, Montana",Full Time or Seasonal,"July 19, 2023"
Position Wanted: Seeking Hunting / Fishing Guide or Outfitter Opportunity,Dru B.,Willing to Relocate,Full Time,"July 18, 2023"
Position Wanted: Foreman/Caretaker (Experienced conservation/ security/ income),Nathaniel & Maximillian,Colorado or Worldwide (depending on position),Full or Part Time,"July 12, 2023"
Position Wanted: Seeking Caretaker / Hired Hand opportunity in Texas ~ (Retired Law Enforcement Officer),Brett T.,Texas,Full Time,"July 12, 2023"
Position Wanted: Ranch Manager Couple seeking Opportunity in Montana,Keith & Dee H.,Montana,Full Time,"July 11, 2023"
Position Wanted: Seeking Entry-level Farm / Ranch Hand opportunity out West,Chuck S.,"Willing to Relocate: ID, MT, WY, NV, OR, WA, CO",Full Time,"July 7, 2023"
"Position Wanted: Ranch Help, Wrangler, Guide, etc ~ Wyoming or Montana",Rachel M.,Willing to Relocate: Wyoming or Montana,Full Time or Seasonal,"July 6, 2023"
Position Wanted: Married Couple Ready For The Next Chapter!,Bryce & Madison,"Willing to Relocate: WA, OR, ID, MT, CO, WY, ND, SD",Full Time,"July 6, 2023"
Position Wanted: Healthy Cook/ Organic Gardener/ Animal Feeder/ Caretaker,Katie R.,Willing to Relocate,Full or Part Time,"July 6, 2023"
Position Wanted: Experienced Couple seeks Ranch Caretaker / Manager opportunity,Karl & Lauren,"Willing to Relocate: MI, MT, WY, ID",Full Time,"July 6, 2023"
Position Wanted: Ranch Hand / Farm Hand ~ Willing to Relocate,Shay B.,Willing to Relocate,Full Time,"July 5, 2023"
Position Wanted: 2 Individuals seeking Ranch Hand opportunity ~ Willing to Relocate,Kristen & Dominik,Willing to Relocate,Full Time,"July 5, 2023"
Position Wanted: Experienced Property Caretakers seeking opportunity on central California coast,David J.,"Central California Coast, Coastal Oregon USA",Full Time,"July 4, 2023"
Position Wanted: Seeking Ranch Hand opportunity ~ Willing to Relocate,Robert B.,Willing to Relocate,Full Time,"July 2, 2023"
Position Wanted: Couple searching for Ranch Hand opportunity,Taylor & Matthew,"Willing to Relocate: MT, TX, WY, CO, UT, OK, KS, KY",Full Time,"June 28, 2023"
"Position Wanted: Ranch Foreman / Manager – Maintenance Caretaker opportunity in Montana, Idaho, Wyoming",Mike C.,"Montana, Idaho, Wyoming",Seasonal,"June 23, 2023"
"Position Wanted: Ranch Foreman, Head Wrangler, Colt Starter / Trainer",Joe P.,"WY, ID, MT, NM, AZ (see desc)",Full Time or Seasonal,"June 22, 2023"
Position Wanted: Ranch Manager or Assistant Manager ~ Willing to Relocate,Terry H.,Willing to Relocate,Full Time,"June 17, 2023"
Position Wanted: Ranch Hand opportunity ~ Willing to Relocate,Theodore M.,Willing to Relocate,Full Time,"June 17, 2023"
Position Wanted: Ranch Hand Position / Colt starter ~ Willing to Relocate,Siebren V.,Willing to Relocate,Full Time,"June 15, 2023"
Position Wanted: Livestock/ Cattle Ranch Manager /Assistant/ Foreman (Bilingual ~english/español),Delso R. E.,"TX, OK, LA",Full Time,"June 14, 2023"
Position Wanted: Ranch Hand opportunity (experienced in Livestock Care and Horse Training),Garret P.,"Willing to Relocate: MT, CO, OR, WA, UT, ID, NV",Full Time,"June 8, 2023"
Position Wanted: Ranch Hand Opportunity in Texas (for 2 individuals),Matthew F. & Jodie T.,Texas,Full Time,"June 8, 2023"
Position Wanted: Seeking Part-time Ranch Job with Housing in Colorado (Snowmass / Woody Creek area),Shawna R.,Colorado,Part Time,"June 6, 2023"
Position Wanted: Seeking Bird Dog Trainer / Guide opportunity (28 yrs experience),Keith H.,Willing to Relocate,Full Time,"June 6, 2023"
Position Wanted: Experienced Guest Ranch Couple looking for a long-term Ranch Position to call Home,Michael and Jamie D.,Willing to Relocate,Full Time,"June 3, 2023"
Position Wanted: Seeking Ranch Work in Southern USA States ~ Wish I Was in Dixie,Nate S.,Willing to Relocate ~ USA South,Full Time,"June 1, 2023"
Position Wanted: Looking for Year-round Work in Return for Private Housing ~ Willing to Relocate,Anthony C.,Willing to Relocate,Full Time,"May 31, 2023"
"Position Wanted: Ranching Work with Cattle & Horses (MO, KY, IA, KS, TN)",Skyler R.,"MO, KY, IA, KS, TN",Full Time,"May 30, 2023"
Position Wanted: Expat Couple seeking Ranch / Estate / Lodge Management position ~ Willing to Relocate,Clinton & Hayley,Anywhere in the USA,Full Time,"May 29, 2023"
"Position Wanted: Ranch Hand for 2023 Summer ~ TX, AZ, NM",Jackson H.,"Texas, Arizona, New Mexico",Seasonal,"May 29, 2023"
Position Wanted: Looking for Ranch Hand Job Opportunity ~ Willing to Relocate,Austin H.,Willing to Relocate,Full Time or Seasonal,"May 27, 2023"
Position Wanted: Couple seeking Ranch Manager / Ranch Hand opportunity in Colorado,Heather B.,Colorado,Full Time,"May 25, 2023"
Position Wanted: Ranch Hand opportunity in Texas,Mickey C.,Texas,Full or Part Time,"May 24, 2023"
Position Wanted: Property / Animal Caretaker opportunity in Arizona (with living accommodations),Lisa A.,Arizona,Full or Part Time,"May 24, 2023"
Position Wanted: Seeking Ranch Job Experience ~ No salary ~ Willing to Relocate,Ella P.,Willing to Relocate,Seasonal,"May 15, 2023"
"Position Wanted: Full-time Ranch Hand ~ Willing to Relocate (CO, WY, ID, MT or WI)",Keira S.,"Willing to Relocate (CO, WY, ID, MT or WI)",Full Time,"May 13, 2023"
Position Wanted: Part-time Ranch Hand opportunity in Utah (Thursday-Friday),Garrison D.,Utah,Part Time,"May 13, 2023"
Position Wanted: Husband & Wife seeking Ranch Hand or Crop Hand opportunity in western Nebraska,Denise S.,western Nebraska,Full Time,"May 12, 2023"
"Position Wanted: Husband & Wife seeking Long-term position as Caretakers for a Ranch, Estate or Private Property ~ Ready to Relocate",Alana & Arthur,Willing to Relocate (CO & VA preferred),Full or Part Time,"May 11, 2023"
"Position Wanted: Experienced Young Couple seeking Long-term, All-around Ranch hand / Management Position",Thomas & April,"Willing to relocate: ND, SD, MT, WY, NE, possibly ID or KS",Full Time,"May 10, 2023"
Position Wanted: Seeking Ranch / Equine Job ~ willing to relocate,Matthew P.,Willing to relocate,Full Time,"May 10, 2023"
Position Wanted: Ranch Hand opportunity ~ Willing to Relocate,Israel Z.,Willing to Relocate,Full Time,"May 5, 2023"
Position Wanted: Seeking Ranch Hand opportunity ~ Seasonal or Full-time,Dane H.,Willing to Relocate,Full Time or Seasonal,"May 3, 2023"
"Position Wanted: Ranch Hand opportunity in Montana, Idaho, Wyoming",Kobe B.,"Willing to Relocate: Montana, Idaho, Wyoming",Full Time,"April 24, 2023"
Position Wanted: Veteran seeking Ranch Hand position in Florida,Joseph F.,Florida,Full Time,"April 23, 2023"
"Position Wanted: Ranch Hand opportunity in CA, OR, WA, CO, MT, ID, TX",Maher D.,"Willing to Relocate: CA, OR, WA, CO, MT, ID, TX",Full Time,"April 16, 2023"
Position Wanted: Looking for a Ranch Job,Joseph T.,Willing to Relocate,Full Time,"April 15, 2023"
"Position Wanted: Seeking Seasonal Ranch Work in Arizona (Equine, Cattle, Hunting, Outfitter, Cook, more)",Tatum N.,Arizona,Seasonal,"April 15, 2023"
Position Wanted: Ranch Hand / Ranch Manager,Cutter H.,Willing to Relocate,Full Time,"April 13, 2023"
"Position Wanted: Mechanic & Ranch Hand opportunity in Wyoming, Montana, North or South Dakota",John D.,"Willing to Relocate: WY, MT, ND, SD",Full Time,"April 13, 2023"
Position Wanted: Ranch Hand / General Laborer ~ Willing to Relocate anywhere in the US,Braulio M.,Willing to Relocate,Full Time,"April 6, 2023"
Position Wanted: Ranch Manager opportunity with Large or Small Operation in USA,William L.,Willing to Relocate,Full Time,"April 4, 2023"
Position Wanted: Looking for Land to Lease or Partnership,Kohl C.,Willing to Relocate,Full Time,"April 1, 2023"
Position Wanted: Ranch Hand opportunity ~ Summer 2023 ~ Willing to Relocate,Ronan G.,Willing to Relocate,Seasonal,"March 28, 2023"
"Position Wanted: Ranch Hand / General Laborer opportunity near Canyon, TX",Lucas N.,near Canyon TX (negotiable but not preferred),Full or Part Time,"March 28, 2023"
Position Wanted: Seasonal Ranch Hand available for Summer 2023,Jonathan C.,Willing to Relocate,Seasonal,"March 27, 2023"
Position Wanted: Family Looking for the Right Fit,Levi J.,"Willing to Relocate: TX, MO, MS, NE, IA, WY, CO, KS, OK",Full Time,"March 25, 2023"
Position Wanted: Ranch Hand & Riding Position on a Cattle Outfit ~ Willing to Relocate,Alex M.,Willing to Relocate,Full Time,"March 22, 2023"
"Position Wanted: Ranch Hand, Cowboy, Trail guide ~ Willing to Relocate",Locke P.,Willing to Relocate,Full Time,"March 22, 2023"
Position Wanted: Groom / Barn Manager / Horse Caretaker in Sacramento or Placer County area (California),Gina W.,"Sacramento or Placer County area, CA",Full or Part Time,"March 21, 2023"
Position Wanted: Seasonal Ranch Hand / Cowboy opportunity in Canada,Tania F.,Canada,Seasonal,"March 21, 2023"
"Position Wanted: Gardener, Cook, Animal Feeding & Misc.",Katie R.,Willing to Relocate,Full or Part Time,"March 17, 2023"
Position Wanted: Horse Handler / Barn Manager / Art Director opportunity in California,Courtney M.,California,Full Time,"March 16, 2023"
Position Wanted: Ranch Hand / Cowboy,Bryce S.,Willing to Relocate,Full Time,"March 15, 2023"
"Position Wanted: Ranch Hand, Welder, Equipment operator",Kevin D.,"Willing to Relocate, USA",Full Time,"March 14, 2023"
Position Wanted: Mechanic / Ranch Hand,James A.,Willing to Relocate,Full Time,"March 13, 2023"
Position Wanted: Ranch Hand / Riding Position ~ Willing to Relocate,Chris O.,Willing to Relocate,Full Time,"March 13, 2023"
Position Wanted: General Farm Hand / Tractor Driver (until end of June),Emily & Joel,Willing to Relocate - USA,Seasonal,"March 13, 2023"
Position Wanted: Young Couple looking for Opportunity at Cow/Calf & Crop Operation,Garrett W.,"Willing to Relocate: IL, KY, MO, KS, SD, TN, AR, NE, MT, WY, GA, AL",Full Time,"March 12, 2023"
Position Wanted: Experienced Cowboy / Ranch Hand looking for a Job in Washington state,Ethan K.,"near Bellingham, WA",Full or Part Time,"March 7, 2023"
"Position Wanted: Dog Kennel Business Proposition for Montana (also ID, WY, NE, CO)",Trent C.,"Montana (also ID, WY, NE, CO)",Full Time,"March 2, 2023"
Position Wanted: Ranch Hand opportunity at Cow/Calf Yearling Outfit in Texas (or NM),Noah C.,NM or TX,Full Time,"February 28, 2023"
Position Wanted: Couple (w/ extensive skills) seeking Long-term Employment on a Hunting / Guest / Resort ranch ~ Willing to relocate,Gary & Lynelle,Willing to Relocate (USA),Full Time,"February 27, 2023"
Position Wanted: Seeking Seasonal Ranch Work (almost anything Ranch or Livestock-related),Dale H.,Willing to Relocate,Seasonal,"February 25, 2023"
"Position Wanted: Looking to be hired as a Hunting Ranch Hand / Foreman / Manager near San Antonio, Texas",Grant W.,"near San Antonio, TX",Full Time,"February 23, 2023"
"Position Wanted: Seeking Cook, Housekeeping, Horse care, Childcare opportunity at Ranch",Amanda K.,"Willing to Relocate: TX, NM, CO, WY, MT",Full Time or Seasonal,"February 21, 2023"
Position Wanted: Hunting Ranch Manager & Guide,Kirk C.,"Seasonal Relocation: CO, NE, WY, NM, KS, UT",Full Time or Seasonal,"February 20, 2023"
"Position Wanted: Husband & Wife seeking long-term position as Caretakers for a Ranch, Estate or Private Property | Ready to Relocate",Alana & Arthur,Willing to Relocate: Continental USA,Full Time,"February 19, 2023"
"Position Wanted: Ranch Manager, Foreman or Couple Available ~ Willing to Relocate",Confidential,Anywhere,Full Time,"February 15, 2023"
"Position Wanted: Family Ranch Cook, Care Elderly, Houses & Animal Sitting",Darlene B.,"Willing to Relocate to: FL, GA, AL, TX, KS, UT, NM, AZ",Full or Part Time,"February 15, 2023"
Position Wanted: Expat Couple seeking Ranch / Estate / Lodge Management position ~ Willing to Relocate,Clinton & Hayley E.,Willing to Relocate,Full Time,"February 13, 2023"
Position Wanted: Farm / Ranch Hand opportunity in Georgia (USA),William S.,Georgia,Full or Part Time,"February 13, 2023"
Position Wanted: Family seeks Manager / Caretaker Ranch Career,Mark & Becca,"TX, CO, WY, OK, LA, MS, ID, FL",Full Time,"February 10, 2023"
Position Wanted: Ranch Manager opportunity in Montana or Wyoming,Bill S.,Montana or Wyoming,Full Time,"February 9, 2023"
Position Wanted: Married Couple seeks Caretaker Position at Ranch,Maksym R.,Willing to Relocate (see listing),Full or Part Time,"February 6, 2023"
Position Wanted: Ranch Hand / Ranch Foreman,Cutter H.,Willing to Relocate,Full Time,"February 6, 2023"
"Position Wanted: Hunting Guide / Ranch Hand / Trail Guide opportunity in TX, WY, MT, UT, CO",Morgan S.,"Willing to Relocate: TX, WY, MT, UT, CO",Full Time,"February 5, 2023"
Position Wanted: Ranch Wrangler / Mechanic / Maintenance,James A.,"Willing to Relocate: WY, CO, OK, TX",Full Time,"February 4, 2023"
Position Wanted: Wrangler / Trail Guide / On-site EMT for 2024 season,Caitlin B.,Willing to Relocate,Full Time or Seasonal,"February 3, 2023"
Position Wanted: Ranch Hand / Wrangler Position for Summer 2023,Frida A.,Willing to Relocate,Seasonal,"January 31, 2023"
Position Wanted: Seasonal Ranch Hand / Maintenance opportunity in Montana or Wyoming,Matt M.,Montana or Wyoming,Seasonal,"January 31, 2023"
Position Wanted: Ranch Hand / Cowboy job search,Erik K.,Willing to Relocate (preferably to Canada),Full Time,"January 23, 2023"
Position Wanted: Experienced AI Specialist seeking Herds to Breed for the 2023 season,Mike A.,Willing to Travel,Seasonal,"January 22, 2023"
Position Wanted: Ranch Hand / Cowboy opportunity ~ Willing to relocate,Mattia P.,Willing to Relocate,Full or Part Time,"January 20, 2023"
Position Wanted: Ranch / Farm Help in Rural USA,Sean B.,Willing to Relocate (rural USA),Full Time,"January 18, 2023"
Position Wanted: Married Couple seeks Caretaker Position at “One of a Kind” Ranch in Rocky Mountains,Eugene & Holly,"Willing to Relocate: CO, MT, WY",Full Time,"January 16, 2023"
